{
  "ref_yaw": 1.3755736759899497,
  "ref_pitch": -6.331442197476304
}